timestamp,server_name,server_id,latency,jitter,packet_loss,download,upload,download_bytes,upload_bytes,share_url,download_server_count,download_latency,download_latency_jitter,download_latency_low,download_latency_high,upload_latency,upload_latency_jitter,upload_latency_low,upload_latency_high,idle_latency,idle_latency_high
2025-04-28T17:39:30+02:00,"Wind Tre - Roma","29317","28.7576","0.426","0","7526267","35142233","117134684","315851438","https://www.speedtest.net/result/c/6ac7d5ae-dccb-4632-be56-c37742926447","1","29.3716","2.3306","28.237","295.431","46.1932","7.85119","27.86","336.419","28.274","29.59"
2025-04-28T18:00:04+02:00,"Wind Tre - Roma","29317","28.4504","0.61075","0","4816225","35146680","47932430","319561133","https://www.speedtest.net/result/c/57613f9f-6c7b-4045-b4a6-ee3fbef13373","1","70.7596","37.1653","28.399","2154.94","47.9851","15.5071","27.965","343.504","28.116","29.034"
2025-04-28T18:30:03+02:00,"Wind Tre - Roma","29317","27.3465","0.19525","0","11210100","35065188","137473204","311944594","https://www.speedtest.net/result/c/dc5457ec-4dff-4de3-8256-e22267b6fd1b","1","29.7781","6.33706","28.71","310.66","44.8197","4.61468","28.153","332.495","27.249","27.522"
2025-04-28T19:00:04+02:00,"Wind Tre - Roma","29317","28.3997","0.2395","0","14557388","35311051","183172192","317385335","https://www.speedtest.net/result/c/ee094baa-ef5e-467a-80da-943fee246eb8","1","30.065","2.20356","28.963","293.564","46.0108","1.27681","27.874","53.074","28.25","29.118"
2025-04-29T09:30:01+02:00,"Wind Tre - Roma","29317","29.8362","0.8125","0","10846528","35171436","64867904","315601188","https://www.speedtest.net/result/c/06024d31-59c7-4ebf-8149-a9c134b5122a","1","28.9374","0.530689","28.12","30.706","41.5451","1.4691","28.403","64.809","29.258","30.402"
2025-04-29T10:00:02+02:00,"Wind Tre - Roma","29317","29.9391","0.3845","0","13827615","33827393","127704832","484899018","https://www.speedtest.net/result/c/9041c092-09d5-4f73-9903-d677e48ee09a","1","28.6024","0.444153","27.724","30.494","29.8829","3.14701","28.222","313.137","29.508","30.159"
2025-04-29T10:30:02+02:00,"Wind Tre - Roma","29317","29.4081","0.4095","0","11903173","34879382","42842752","325417907","https://www.speedtest.net/result/c/ec5bafd2-4b20-481c-aff0-401559af72ff","1","28.9314","0.461211","28.068","30.811","39.7272","4.30735","29.289","317.757","29.326","30.753"
2025-04-29T11:00:02+02:00,"Wind Tre - Roma","29317","30.2423","0.71175","0","14294100","34697038","155585024","318750466","https://www.speedtest.net/result/c/b2731839-c44f-4449-a4db-20ae98514665","1","28.1338","0.832425","27.158","60.696","36.4601","10.5363","29.406","347.402","29.666","31.074"
2025-04-29T11:30:02+02:00,"Wind Tre - Roma","29317","28.5249","0.47125","0.384615","12960618","34965093","162374272","310718118","https://www.speedtest.net/result/c/af5c63ec-713d-4e45-88cb-05523b279e4c","1","28.6673","2.46512","27.695","291.357","39.2223","1.85396","28.465","56.947","28.46","29.356"
2025-04-29T12:00:02+02:00,"Wind Tre - Roma","29317","29.0241","0.517","0","4172574","33880333","39778625","262712345","https://www.speedtest.net/result/c/dc468967-3a08-4385-8f0d-7674e7ff87fc","1","157.585","47.9986","28.96","2191.38","33.6507","5.2972","28.928","311.073","28.6","29.512"
2025-04-29T12:30:02+02:00,"Wind Tre - Roma","29317","29.8054","0.471","0","9215606","35267882","138132224","316781964","https://www.speedtest.net/result/c/17d7fbef-d922-48cd-aad3-62adcc134aaf","1","28.494","0.421548","27.762","29.98","43.6887","1.37581","27.393","52.67","29.589","30.643"
2025-04-29T13:00:03+02:00,"Wind Tre - Roma","29317","28.2982","0.16","0","8475535","35094893","79122904","326275281","https://www.speedtest.net/result/c/f6e64c2b-7b41-454e-8e44-8756991a42e5","1","28.9482","3.43371","27.823","293.052","46.1515","1.63933","28.927","52.154","28.081","28.438"
2025-04-29T13:30:03+02:00,"Wind Tre - Roma","29317","100.653","59.667","0","1603483","33997934","20818293","253662448","https://www.speedtest.net/result/c/05731b9d-cbd4-4783-9c77-449b9d75d275","1","181.694","58.7195","29.381","1028.22","126.301","43.7034","28.678","601.433","29.799","268.467"
2025-04-29T14:00:03+02:00,"Wind Tre - Roma","29317","30.0913","0.54775","0","10631346","34343762","155209444","499965826","https://www.speedtest.net/result/c/0a04a5ec-5064-4cfd-82ca-c7f6792288c4","1","28.8934","3.98576","28.04","297.886","31.4642","1.30253","27.643","51.233","29.208","30.551"
2025-04-29T14:30:03+02:00,"Wind Tre - Roma","29317","28.7805","0.5585","0","9964600","35189650","130277404","316239310","https://www.speedtest.net/result/c/6167ca55-bcda-4115-9b76-2244cf0bcc3f","1","27.9111","2.16703","27.043","287.017","47.1768","1.27194","29.309","53.304","28.643","29.754"
2025-04-29T15:00:03+02:00,"Wind Tre - Roma","29317","29.4119","0.33725","0","12820957","35165333","177808544","315993477","https://www.speedtest.net/result/c/3e5bd341-d0c7-4b2b-a824-11acdb5dde1a","1","28.3947","0.433081","27.556","30.42","47.7191","1.68152","29.017","52.951","28.903","29.966"
2025-04-29T15:30:03+02:00,"Wind Tre - Roma","29317","28.395","0.39825","0","11170087","34870947","142783624","298752262","https://www.speedtest.net/result/c/55d9c61f-18bc-45dc-a349-eda4c44e2262","1","28.9183","0.495305","27.971","30.753","43.3559","2.28746","29.123","75.065","27.916","28.617"
2025-04-29T16:00:03+02:00,"Wind Tre - Roma","29317","28.7879","0.30125","0","10860506","34543864","104689371","289580583","https://www.speedtest.net/result/c/25ef42ee-8c0c-454f-9d4e-f974efe6a9fe","1","29.1912","0.486351","28.322","32.566","35.083","7.87569","28.406","325.206","28.294","29.332"
2025-04-29T16:30:02+02:00,"Wind Tre - Roma","29317","29.6727","0.33325","0","11608147","35184525","162551912","319926999","https://www.speedtest.net/result/c/e8fc75a8-ea4d-4b84-b4db-06099cabe263","1","28.6967","2.27377","27.686","291.748","47.1079","1.27893","29.934","62.668","29.11","30.289"
2025-04-29T17:00:02+02:00,"Wind Tre - Roma","29317","31.3536","0.226","0","6492035","34708873","55328524","304621498","https://www.speedtest.net/result/c/053931a7-e05e-47ed-9ce3-d821ec7d110e","1","31.0043","0.4754","30.156","32.085","37.1768","1.62374","29.852","55.62","31.153","32.057"
2025-04-29T17:30:02+02:00,"Wind Tre - Roma","29317","31.3725","0.1405","0","4758034","34564217","63889784","322625087","https://www.speedtest.net/result/c/94a2f5d0-b65c-4768-83b8-1041ed6cdea3","1","32.2673","2.36342","30.949","314.82","37.6869","4.13123","31.452","295.219","31.205","31.542"
2025-04-29T18:00:01+02:00,"Wind Tre - Roma","29317","31.9124","0.36225","0","6578499","34102071","60570957","422630792","https://www.speedtest.net/result/c/47e36ce4-8120-461e-9995-bdb6cab4a950","1","128.686","43.2081","31.14","2244.59","31.652","1.49727","29.5","54.412","31.489","32.142"
2025-04-29T18:30:02+02:00,"Wind Tre - Roma","29317","31.2218","59.656","0","7508413","35172814","83278244","323020416","https://www.speedtest.net/result/c/bb7a7945-9113-4678-97f4-acde2714841d","1","30.5775","3.2194","29.447","304.804","52.774","2.50079","31.69","105.93","30.992","269.296"
2025-04-29T19:00:02+02:00,"Wind Tre - Roma","29317","32.6172","0.692","0","11286014","34644418","154278144","304314622","https://www.speedtest.net/result/c/f589664d-dbeb-4e0b-a15f-16e3af333201","1","31.9252","2.38091","31.069","313.554","35.6766","7.86428","30.974","324.269","31.773","33.376"
2025-04-29T19:30:03+02:00,"Wind Tre - Roma","29317","30.2952","0.53125","0","8702182","35183723","79862584","319675594","https://www.speedtest.net/result/c/979c54b3-0b00-4061-aea3-383d25521a32","1","31.2458","0.527353","30.295","34.398","57.3904","2.74841","31.689","106.602","29.58","30.883"
2025-04-29T20:00:03+02:00,"Wind Tre - Roma","29317","32.1801","0.60075","0","2173423","34773313","33723924","284253557","https://www.speedtest.net/result/c/f271f72b-2031-407d-b4a5-a66f79387a7a","1","53.3921","33.3958","31.133","353.281","44.7638","17.7848","31.588","375.36","31.485","33.161"
2025-04-29T20:30:03+02:00,"Wind Tre - Roma","29317","32.2701","239.38","0","2779766","34520668","38221918","347946738","https://www.speedtest.net/result/c/65fd23b0-5220-433d-be76-bf262cc7b084","1","32.1071","21.9","30.291","354.318","39.056","15.6254","30.928","413.253","31.678","510.32"
2025-04-29T21:00:03+02:00,"Wind Tre - Roma","29317","30.2682","0.33","0","6664369","29755811","93833504","198092051","https://www.speedtest.net/result/c/0497e54a-586b-402c-a013-5b10ad6f3448","1","32.1657","2.2687","31.375","310.134","31.2349","5.13625","29.614","307.62","30.005","30.541"
2025-04-29T21:30:03+02:00,"Wind Tre - Roma","29317","31.2575","0.143","0","5575820","34865919","64466144","320279728","https://www.speedtest.net/result/c/d60d9ee6-f497-4965-81f2-b6e194bcaba3","1","30.9139","2.756","30.21","308.081","39.48","7.81531","30.476","325.33","31.174","31.456"
2025-04-29T22:00:03+02:00,"Wind Tre - Roma","29317","30.2651","0.072","0","7190758","35327637","79526751","321076099","https://www.speedtest.net/result/c/25fd923b-d652-4b4e-82b9-122857f07638","1","32.1204","0.392844","31.422","33.406","68.7958","19.6233","29.601","354.843","30.139","30.277"
2025-04-29T22:30:03+02:00,"Wind Tre - Roma","29317","30.1717","0.1865","0","3120626","35338552","38415832","321004038","https://www.speedtest.net/result/c/c186c307-e1e6-46f4-bf80-778c536cd67e","1","30.9133","7.27057","30.058","309.342","50.9292","8.52473","30.504","361.076","29.83","30.276"
2025-04-29T23:00:03+02:00,"Wind Tre - Roma","29317","31.2198","0.2415","0","5375504","34915181","38286944","314277801","https://www.speedtest.net/result/c/a8207a97-e1fc-4090-b195-b03ab6cf34cb","1","30.8693","0.413099","30.148","31.579","40.5844","1.77818","30.16","61.468","31.049","31.584"
2025-04-30T09:30:04+02:00,"Wind Tre - Roma","29317","30.2956","0.14775","0","13315940","5394122","97259804","84730880","https://www.speedtest.net/result/c/52676ef1-6126-4ee6-b7b0-641290962670","1","31.0321","0.543298","30.118","33.761","31.9189","0.577832","30.9","41.699","30.119","30.42"
2025-04-30T10:00:02+02:00,"Wind Tre - Roma","29317","32.1984","0.253","0","11453715","34715962","157433844","315578648","https://www.speedtest.net/result/c/21894108-b9ab-41f0-8ce4-ea67ef5ccca7","1","31.1153","0.455809","30.385","32.619","38.7815","1.59884","30.683","59.768","32.079","32.54"
2025-04-30T10:30:02+02:00,"Wind Tre - Roma","29317","30.3505","0.1215","0","14123065","34972688","199185564","330070720","https://www.speedtest.net/result/c/b060910c-0c24-4659-a66d-b9b35f73347b","1","31.0854","0.459849","30.313","32.998","46.9785","4.63911","31.343","338.284","30.021","30.467"
2025-04-30T11:00:02+02:00,"Wind Tre - Roma","29317","32.202","0.36925","0","13445399","34894279","190511744","316301643","https://www.speedtest.net/result/c/4993c3eb-3252-4ac5-8c23-ef5a2677567b","1","30.5109","2.37765","29.439","310.334","39.3116","1.47404","29.5","54.935","31.591","32.588"
2025-04-30T11:30:02+02:00,"Wind Tre - Roma","29317","31.8723","0.4135","0","10354091","34569029","90285712","331087826","https://www.speedtest.net/result/c/2b520c0f-b0e5-4165-9b99-dfec47af12d3","1","31.7236","0.60818","30.621","33.271","37.0546","4.12748","31.635","311.593","31.212","32.031"
2025-04-30T12:00:02+02:00,"Wind Tre - Roma","29317","31.0464","0.46425","0","9847593","24393133","112005542","160477367","https://www.speedtest.net/result/c/824109ff-787b-4d57-aaf4-473a53fb0cb2","1","30.7798","8.27541","29.964","310.138","464.122","80.1222","68.847","1150.54","30.555","31.312"
2025-04-30T12:30:02+02:00,"Wind Tre - Roma","29317","30.6277","0.54525","0","12607578","34803505","104645884","323026387","https://www.speedtest.net/result/c/c30ad1f4-a41f-494a-b8ed-9f9cba7db76a","1","31.638","0.539102","30.669","33.298","37.0492","1.41943","29.918","53.61","30.174","31.581"
2025-04-30T13:00:02+02:00,"Wind Tre - Roma","29317","32.2296","0.1825","0","12659549","33273234","158527284","245708250","https://www.speedtest.net/result/c/9f793945-f93a-4ab6-93a3-f7c324c5a434","1","32.1588","2.40988","31.093","313.256","33.1716","1.70692","30.372","55.843","31.882","32.416"
2025-04-30T13:30:02+02:00,"Wind Tre - Roma","29317","30.9553","0.47175","0","9152242","34812625","52702124","328345587","https://www.speedtest.net/result/c/c27d00f2-f088-439b-bca5-a4d61b47aabb","1","30.7595","0.491965","29.639","32.295","40.7078","1.79981","30.45","57.51","30.6","31.49"
2025-04-30T14:00:02+02:00,"Wind Tre - Roma","29317","31.1237","0.5235","0","8462654","31089657","63686740","252255457","https://www.speedtest.net/result/c/02b15ef8-794c-423e-9e4c-43dc58f7c5c8","1","31.3739","0.659657","30.276","37.496","31.59","5.30775","30.045","328.402","30.802","31.799"
2025-04-30T14:30:02+02:00,"Wind Tre - Roma","29317","30.3842","0.24025","0","8303437","34636382","92305824","306352800","https://www.speedtest.net/result/c/c461366a-c739-4cd3-a295-fabb31c1464d","1","31.7133","0.523898","30.741","34.716","38.0193","4.19916","31.085","306.516","30.13","30.734"
2025-04-30T15:00:02+02:00,"Wind Tre - Roma","29317","31.9517","0.36525","0","7169501","34526488","86789044","317393050","https://www.speedtest.net/result/c/21fae9aa-93fd-4ff8-bc2e-0c2478a86001","1","31.4214","0.566085","30.025","35.204","34.8221","7.45137","29.499","309.942","31.618","32.701"
2025-04-30T15:30:02+02:00,"Wind Tre - Roma","29317","31.2829","0.47325","0","8525472","34827141","83395431","315748829","https://www.speedtest.net/result/c/f394e18d-5e11-4bb4-8e5f-eedb895fef92","1","31.3117","3.41177","30.191","311.642","39.3675","1.48406","30.615","56.498","30.931","31.828"
2025-04-30T16:00:02+02:00,"Wind Tre - Roma","29317","32.2644","0.109","0","8861426","34921006","48028812","325538297","https://www.speedtest.net/result/c/04aef560-b363-44db-8c4d-0c0b09a89789","1","31.3069","5.08172","30.335","273.743","39.5725","4.50407","29.824","341.975","32.192","32.372"
2025-04-30T16:30:02+02:00,"Wind Tre - Roma","29317","32.5113","0.207","0","10874260","35111044","151878204","318361860","https://www.speedtest.net/result/c/569b7317-814b-4026-a59f-18c18cb48bd5","1","30.5166","0.501181","29.517","32.25","47.1372","4.70736","31.223","342.647","31.939","32.62"
2025-04-30T17:00:02+02:00,"Wind Tre - Roma","29317","32.172","0.361","0","10972698","34721741","149407244","387351899","https://www.speedtest.net/result/c/091d5656-d3ce-4cbf-9f63-94514f5e19d4","1","30.5866","0.566899","29.606","40.788","37.4278","4.52237","29.739","321.988","31.851","32.457"
2025-04-30T17:30:02+02:00,"Wind Tre - Roma","29317","32.1967","0.27525","0","9844848","35177216","143639884","319829146","https://www.speedtest.net/result/c/ed788a29-e563-4543-be66-3ef1f1daea42","1","30.4488","0.53156","29.411","31.999","52.9793","7.92163","31.02","344.62","31.86","32.405"
2025-04-30T18:00:02+02:00,"Wind Tre - Roma","29317","31.2945","0.4875","0","4329020","34884151","44460672","402479906","https://www.speedtest.net/result/c/fa99821c-ffb0-471a-9caa-41c6ba91d40d","1","36.8498","25.1716","31.034","517.713","47.6464","23.9717","32.116","2369.4","30.698","31.958"
2025-04-30T18:30:02+02:00,"Wind Tre - Roma","29317","32.3015","0.30025","0","10338683","34917105","101029224","308335980","https://www.speedtest.net/result/c/de22380c-4dc7-426c-87b7-0b7640cb4b11","1","32.5425","0.55576","31.576","34.869","37.047","4.59235","29.78","326.509","32.057","32.462"
2025-04-30T19:00:02+02:00,"Wind Tre - Roma","29317","33.169","0.2265","0","10878529","35034745","74457024","328588735","https://www.speedtest.net/result/c/57e1523c-e304-4e7f-9592-3517e384fa13","1","31.3963","4.38998","30.399","309.276","46.2451","1.52163","29.871","55.241","32.946","33.456"
2025-04-30T19:30:02+02:00,"Wind Tre - Roma","29317","32.1545","0.2385","0","9057182","34840519","106808644","316920009","https://www.speedtest.net/result/c/17c55369-77d6-4933-90bd-cad5fbb5e6a0","1","32.2522","0.473179","31.076","34","39.5405","4.48809","30.425","338.19","31.939","32.386"
2025-04-30T20:00:02+02:00,"Wind Tre - Roma","29317","31.8125","0.3685","0","7565997","34837461","109964344","319232806","https://www.speedtest.net/result/c/f76ce9ca-b140-4922-8705-121e8d11914a","1","31.2102","0.46","30.164","33.292","39.1188","4.78856","30.264","337.546","31.29","32.162"
2025-04-30T20:30:02+02:00,"Wind Tre - Roma","29317","31.6234","0.7785","0","8758870","5970249","131306524","102190489","https://www.speedtest.net/result/c/cf174dde-c61c-4b19-95e1-d46e8c44f6af","1","31.4818","0.493091","30.269","33.377","32.3278","4.29302","31.457","313.634","30.634","32.366"
2025-04-30T21:00:02+02:00,"Wind Tre - Roma","29317","30.8499","0.44775","0","5432992","35137901","60894884","318640564","https://www.speedtest.net/result/c/6a5db4d1-18ae-4b49-a19a-7f43601a39e0","1","32.3184","5.56381","31.043","315.412","50.262","10.6347","31.299","357.434","30.567","31.074"
2025-04-30T21:30:02+02:00,"Wind Tre - Roma","29317","32.1453","0.446","0","8833226","35185924","70276224","319814390","https://www.speedtest.net/result/c/7b5eafed-8d12-4d7e-a620-35f38b0d7267","1","30.6207","0.590098","29.558","32.635","51.024","1.57954","30.525","83.959","31.804","32.483"
2025-04-30T22:00:02+02:00,"Wind Tre - Roma","29317","31.4697","0.3475","0","3983282","29952618","57558892","331914545","https://www.speedtest.net/result/c/6aac59b1-c268-45df-9d8b-06debc64bf45","1","31.6446","13.2505","30.293","312.483","32.7288","8.13811","31.267","307.688","31.024","31.779"
2025-04-30T22:30:02+02:00,"Wind Tre - Roma","29317","31.4427","0.3365","0","5817823","27408649","82712764","194790158","https://www.speedtest.net/result/c/eb218e4f-a4d4-4577-a0c6-be7955cf40c5","1","32.0758","10.2892","30.592","313.232","32.4569","4.83018","31.196","301.218","30.949","31.675"
2025-04-30T23:00:02+02:00,"Wind Tre - Roma","29317","32.495","0.4405","0","5548464","34713992","55463864","317567208","https://www.speedtest.net/result/c/1fbf35ee-6d2b-45e2-ad94-4b40cb545b6d","1","31.9455","8.67784","30.918","311.683","35.9228","4.63819","31.267","316.769","32.202","33.186"
2025-05-01T09:30:04+02:00,"Wind Tre - Roma","29317","32.1756","0.201","0","10353069","35045693","146281184","321234482","https://www.speedtest.net/result/c/6c730640-b639-47b1-8be6-e48f0abab37d","1","31.9077","0.497268","30.876","33.512","43.7844","1.77655","30.761","60.655","31.897","32.412"
2025-05-01T10:00:03+02:00,"Wind Tre - Roma","29317","32.7691","0.29625","0","13587744","34715820","160005824","339587228","https://www.speedtest.net/result/c/17400980-5550-4c2f-97ed-2ebb171cda3c","1","30.6169","0.57694","29.695","36.056","35.801","1.84328","30.599","62.735","32.587","33.123"
2025-05-01T10:30:03+02:00,"Wind Tre - Roma","29317","32.4574","0.43125","0","9492204","35490321","130903424","321004056","https://www.speedtest.net/result/c/abb45e95-4ae5-4dd9-ac55-575d51d88f20","1","31.2284","0.518963","30.152","33.73","56.6789","2.82974","31.542","106.469","32.002","33.352"
2025-05-01T11:00:03+02:00,"Wind Tre - Roma","29317","32.1689","0.3425","0","9653226","35343775","144138464","324138667","https://www.speedtest.net/result/c/e4a42fea-22e7-4377-86ce-7fb97e72b2de","1","31.6385","0.572487","30.515","33.151","68.8724","6.79746","30.858","344.315","31.696","32.527"
2025-05-01T11:30:03+02:00,"Wind Tre - Roma","29317","31.5718","0.598","0","12249983","34977197","170707904","307087603","https://www.speedtest.net/result/c/550f354a-6d63-4bd4-a48a-cccc893eadac","1","31.4192","0.512591","30.245","33.49","42.1861","1.66593","30.703","58.534","30.982","31.957"
2025-05-01T12:00:03+02:00,"Wind Tre - Roma","29317","31.2278","0.07425","0","14234113","33369570","147626559","444642097","https://www.speedtest.net/result/c/4ad80b1f-c343-4608-9604-c582ad3a6c45","1","31.7402","5.98308","30.779","314.7","548.068","89.0341","32.13","1339.14","31.187","31.301"
2025-05-01T12:30:03+02:00,"Wind Tre - Roma","29317","32.016","0.651","0","15011850","35063605","204464032","318177328","https://www.speedtest.net/result/c/2989c908-49a8-4e63-b9e6-403ec8c1c150","1","30.2709","2.37704","29.325","310.349","44.5827","1.9309","30.351","70.215","30.893","32.329"
2025-05-01T13:00:03+02:00,"Wind Tre - Roma","29317","33.1944","0.169","0","14716964","35321803","207836640","321077553","https://www.speedtest.net/result/c/171f882b-d329-4dd4-af03-db0a41706dd9","1","30.9296","0.539685","29.921","33.082","56.1235","3.35061","31.109","106.613","33.112","33.444"
2025-05-01T13:30:03+02:00,"Wind Tre - Roma","29317","31.4294","0.29575","0","13137127","35313045","90881504","320956568","https://www.speedtest.net/result/c/b0a880a2-1841-4ba6-a750-21ed17442ea8","1","31.1122","0.648474","30.054","34.084","63.556","3.49457","31.443","106.097","31.228","31.925"
2025-05-01T14:00:03+02:00,"Wind Tre - Roma","29317","31.3032","0.27375","0","14221644","34846627","189059264","320059436","https://www.speedtest.net/result/c/c5b5da16-17fa-4292-885e-ee02f2840378","1","31.2816","0.508748","30.266","33.999","38.1207","1.67085","30.166","56.348","30.961","31.637"
2025-05-01T14:30:03+02:00,"Wind Tre - Roma","29317","31.3492","0.25425","0","13724945","34806178","163778400","313160366","https://www.speedtest.net/result/c/739f279d-4794-4bac-9b17-7520c3c70a8d","1","30.5414","0.558414","29.493","34.351","41.9874","1.81909","31.377","60.818","31.177","31.522"
2025-05-01T15:00:03+02:00,"Wind Tre - Roma","29317","32.7807","0.5475","0","6473784","35300861","79815104","326906897","https://www.speedtest.net/result/c/e8b9bf41-7276-48ce-9aa2-5796eedeac89","1","32.5733","2.7302","31.206","311.44","60.0343","3.56649","31.737","107.202","32.33","33.457"
2025-05-01T15:30:03+02:00,"Wind Tre - Roma","29317","31.0835","0.4285","0","8309673","35306400","99714438","323586267","https://www.speedtest.net/result/c/9d7fc130-dc40-4051-b556-33f74b8a3317","1","31.8761","9.25188","30.446","497.143","57.2005","10.8454","31.571","344.577","29.997","31.258"
2025-05-01T16:00:03+02:00,"Wind Tre - Roma","29317","32.5421","0.6225","0","6878417","28448832","80422784","144746723","https://www.speedtest.net/result/c/824ca0ed-b28a-4231-80cd-64ef97c7ee46","1","31.87","4.92343","30.617","310.353","32.6607","12.8033","30.614","310.596","32.287","33.607"
2025-05-01T16:30:03+02:00,"Wind Tre - Roma","29317","31.7111","0.2095","0","5344629","34893319","59004224","323187106","https://www.speedtest.net/result/c/7cbeb3d4-c4fe-4037-ba69-ccb44ea635bd","1","31.8594","5.65988","30.498","308.111","42.0524","1.60857","31.774","63.566","31.365","32.197"
2025-05-01T17:00:03+02:00,"Wind Tre - Roma","29317","30.2972","0.20025","0","8816730","35306275","128904704","333133205","https://www.speedtest.net/result/c/76127e58-cbac-463e-a963-79d3c7963fe7","1","31.0886","0.433749","30.36","31.997","48.0314","1.38921","30.626","67.055","30.023","30.358"
2025-05-01T17:30:03+02:00,"Wind Tre - Roma","29317","31.1577","0.421","0","7453585","35136238","63337184","315029720","https://www.speedtest.net/result/c/add567fb-01c0-4bc7-97ff-32328f9e8893","1","30.0605","3.54953","29.295","295.482","44.275","1.8172","29.569","65.523","30.391","31.411"
2025-05-01T18:00:03+02:00,
2025-05-01T18:30:03+02:00,"Wind Tre - Roma","29317","31.8676","0.65","0","11399937","34921211","77346944","320992549","https://www.speedtest.net/result/c/6a697f73-e22a-4ab3-b539-8e2873234185","1","32.2505","0.47726","31.424","34.3","56.6634","24.8298","31.405","340.86","31.236","32.617"
2025-05-01T19:00:03+02:00,"Wind Tre - Roma","29317","30.5073","0.38275","0","9194822","35189815","94642784","326402868","https://www.speedtest.net/result/c/17052ddb-ba37-44e6-baef-c3b7f021053a","1","32.3351","0.519574","31.114","33.951","46.2522","1.9738","30.505","69.371","29.996","31.023"
2025-05-02T09:30:04+02:00,"Wind Tre - Roma","29317","31.5054","0.499","0","9501777","34128775","85856404","346893853","https://www.speedtest.net/result/c/3f2b6fa0-6360-4000-809c-8c7d79fa8458","1","31.4179","0.879064","30.35","57.091","36.8922","1.82179","29.688","66.863","31.423","32.357"
2025-05-02T10:00:02+02:00,"Wind Tre - Roma","29317","32.2063","0.26025","0","6996358","34954913","98816884","313553326","https://www.speedtest.net/result/c/e4628d78-7029-4f83-8ad3-4f4fa7c9c356","1","31.7496","2.49735","30.313","312.332","41.9737","5.0899","30.692","349.66","31.283","32.324"
2025-05-02T10:30:02+02:00,"Wind Tre - Roma","29317","31.0887","0.47725","0","10340991","34732761","146354724","283509044","https://www.speedtest.net/result/c/93cd54eb-9bba-4b85-8553-0224ae5211f2","1","30.669","2.29404","29.771","302.712","43.2144","1.94064","31.095","68.849","30.707","31.514"
2025-05-02T11:00:02+02:00,"Wind Tre - Roma","29317","30.9322","0.6565","0","8699755","33586571","89186304","283729506","https://www.speedtest.net/result/c/b4dab2d7-053e-469e-acc9-24e592b78cbd","1","30.5866","0.581236","29.552","33.425","32.1767","1.34329","29.543","52.928","30.392","31.557"
2025-05-02T11:30:02+02:00,"Wind Tre - Roma","29317","31.1212","0.69425","0","10412934","34868308","127498244","323412297","https://www.speedtest.net/result/c/0e05b3c7-d591-4723-9f8d-b4c50d989eec","1","30.9965","0.473284","29.913","32.39","38.4479","1.64929","29.741","62.93","30.687","31.839"
2025-05-02T12:00:02+02:00,"Wind Tre - Roma","29317","31.3026","0.2475","0","2756817","34390369","28743144","480127679","https://www.speedtest.net/result/c/06b2f202-9642-44a5-a94b-6a14ee7a98fb","1","416.437","63.54","30.347","2197.34","44.755","23.6546","30.439","1879.47","30.957","31.433"
2025-05-02T12:30:02+02:00,"Wind Tre - Roma","29317","31.2011","0.15475","0","8369108","34515949","84734824","313309432","https://www.speedtest.net/result/c/7cc5b0c5-9eda-4a1c-b1a9-e96d8fe982b2","1","31.9422","0.417616","31.089","33.195","36.2289","4.36783","32.004","328.706","30.98","31.317"
2025-05-02T13:00:02+02:00,"Wind Tre - Roma","29317","32.5089","0.405","0","7617520","35164793","70737260","322825397","https://www.speedtest.net/result/c/3eb8ba5b-3115-416d-a7da-3244cce06398","1","31.4795","0.531462","30.27","33.26","45.4826","4.31235","30.05","301.961","32.094","32.973"
2025-05-02T13:30:02+02:00,"Wind Tre - Roma","29317","30.5023","0.1845","0","7111909","34528565","86704624","387697609","https://www.speedtest.net/result/c/3c2fe733-7cd7-4224-a611-73e77fe093bd","1","30.6653","4.13337","29.602","308.984","35.6083","8.02689","31.375","325.077","30.13","30.868"
2025-05-02T14:00:02+02:00,"Wind Tre - Roma","29317","31.7457","0.519","0","8828149","34999994","128315644","313490937","https://www.speedtest.net/result/c/ed7e6aa6-e876-4376-ae5c-9038ed92e9f7","1","31.2548","0.483189","30.22","32.946","41.7578","1.67425","30.995","62.688","30.855","32.387"
2025-05-02T14:30:02+02:00,"Wind Tre - Roma","29317","30.312","0.39","0","6930067","34724855","75269064","301649351","https://www.speedtest.net/result/c/95530846-c212-4479-bb54-366658fd608a","1","31.4742","5.45346","30.537","311.406","43.9904","7.46729","31.771","316.874","29.99","30.659"
2025-05-02T15:00:02+02:00,"Wind Tre - Roma","29317","31.7376","0.35975","0","7469362","35057092","68597204","331442326","https://www.speedtest.net/result/c/90e5d273-2d05-45dc-8033-7c47fffae22f","1","32.9657","0.515451","31.524","34.537","43.9384","1.53033","31.185","59.241","31.227","32.525"
2025-05-02T15:30:01+02:00,"Wind Tre - Roma","29317","30.2027","0.17175","0","9832783","34715632","136052804","329585673","https://www.speedtest.net/result/c/fc0fb864-4e30-4d76-8584-4131f6b1da8e","1","31.2053","0.48952","30.332","32.786","37.1749","4.22163","30.188","295.67","30.122","30.402"
2025-05-02T16:00:02+02:00,"Wind Tre - Roma","29317","32.2196","0.12625","0","7338090","34850655","80650504","338982502","https://www.speedtest.net/result/c/d833bb91-8d22-408e-9612-a60fa2a3c26e","1","31.5132","6.88129","30.322","313.521","40.5341","1.6655","30.372","56.082","32.047","32.435"
2025-05-02T16:30:02+02:00,"Wind Tre - Roma","29317","30.9664","0.578","0","9606139","34426961","128933384","323023151","https://www.speedtest.net/result/c/b6e78f97-0f35-4316-9371-92637278ee6f","1","30.8558","0.508007","29.646","32.698","36.5539","1.46691","30.364","55.483","30.405","31.89"
2025-05-02T17:00:02+02:00,"Wind Tre - Roma","29317","30.633","0.3065","0","8523195","34833245","116767524","319652981","https://www.speedtest.net/result/c/ae8931a1-9f22-4199-822a-a1bd33674993","1","31.3597","0.522017","30.05","32.811","40.3509","1.75706","29.735","53.319","30.376","30.894"
2025-05-02T17:30:02+02:00,"Wind Tre - Roma","29317","31.1302","0.1985","0","9940860","34549562","137068524","346359183","https://www.speedtest.net/result/c/9913b664-568c-45d9-b9fb-16f6955364a7","1","30.5426","0.450329","29.599","32.424","35.3767","1.60062","30.308","55.971","30.921","31.35"
2025-05-02T18:00:02+02:00,
2025-05-02T18:30:02+02:00,"Wind Tre - Roma","29317","31.2141","0.1675","0","7249335","34508829","52633052","320517891","https://www.speedtest.net/result/c/f3e3371d-6523-4646-b672-ab7b06da9eae","1","31.7166","0.440919","30.908","33.163","36.1079","4.8453","29.926","332.864","31.144","31.484"
2025-05-02T19:00:02+02:00,"Wind Tre - Roma","29317","31.0761","0.3345","0","7967490","34227435","81863204","262441543","https://www.speedtest.net/result/c/6eac10ac-5119-4777-b953-249185dbebaf","1","31.729","0.537838","30.676","34.077","36.5816","1.96633","29.858","58.89","30.785","31.432"
2025-05-02T19:30:02+02:00,"Wind Tre - Roma","29317","30.3926","0.35725","0","9490296","35168825","97883512","322935249","https://www.speedtest.net/result/c/05220b79-8321-41c0-a3ed-1053b9bf06f2","1","30.3166","3.05472","29.476","305.443","46.2543","1.73991","29.903","56.219","30.307","31.015"
2025-05-03T09:30:03+02:00,"Wind Tre - Roma","29317","31.6395","0.37975","0","11637296","34971303","167379712","321385645","https://www.speedtest.net/result/c/b248d66e-9100-447a-b2b9-a0c5a81c000f","1","32.6727","0.546742","31.381","35.305","41.5584","2.03208","30.387","59.54","31.189","32.14"
2025-05-03T10:00:03+02:00,"Wind Tre - Roma","29317","31.9182","0.51525","0","11940241","35292673","162062144","327456673","https://www.speedtest.net/result/c/70ed6ea4-9700-4fa1-94c8-22cd9f860195","1","30.9563","2.39632","29.738","308.07","52.5915","2.93093","31.056","106.914","31.296","32.172"
2025-05-03T10:30:03+02:00,"Wind Tre - Roma","29317","31.2854","0.221","0","13601451","34863356","158584544","317029935","https://www.speedtest.net/result/c/f115b269-08ef-4251-9289-b2e96e8a2645","1","30.5816","0.501012","29.664","35.164","41.4196","4.89811","30.274","324.469","31.152","31.71"
2025-05-03T11:00:03+02:00,"Wind Tre - Roma","29317","31.4272","0.26875","0","10122032","34995647","126734624","327632647","https://www.speedtest.net/result/c/b714471c-b85c-4b3a-a384-69da8783c1e0","1","32.6893","0.562242","31.28","34.616","43.1311","2.12419","32.084","73.486","31.303","31.67"
2025-05-03T11:30:03+02:00,"Wind Tre - Roma","29317","31.1583","0.2465","0","12330528","32694971","175253632","295302951","https://www.speedtest.net/result/c/fe569566-165e-4d1a-8ec5-fa44b0b7a85c","1","31.2142","0.493043","30.278","33.444","32.5864","6.93669","30.351","316.67","30.774","31.474"
2025-05-03T12:00:03+02:00,"Wind Tre - Roma","29317","32.2119","0.2845","0","12323277","33257871","168592544","338582415","https://www.speedtest.net/result/c/e409ecd5-93e4-47d3-acf5-32c242f75cf0","1","31.4737","0.471554","30.542","32.829","31.2408","1.84658","29.581","58.032","32.047","32.551"
2025-05-03T12:30:03+02:00,"Wind Tre - Roma","29317","31.1432","0.33375","0","8920506","34869462","119161664","323469386","https://www.speedtest.net/result/c/9195f741-5b61-4c31-86e4-fac4b8b5ad33","1","30.5973","2.41031","29.59","306.502","43.4301","10.6183","32.156","337.551","30.244","31.392"
2025-05-03T13:00:03+02:00,"Wind Tre - Roma","29317","32.2166","0.21425","0","8566405","34862143","115900064","329860078","https://www.speedtest.net/result/c/bcf5cffb-db37-4a5e-8fab-e987e0a3917c","1","32.396","0.567441","31.214","33.857","38.2873","4.62142","30.29","325.636","31.994","32.385"
2025-05-03T13:30:03+02:00,"Wind Tre - Roma","29317","32.8482","120.284","0","3908308","35013195","46061504","317263203","https://www.speedtest.net/result/c/6e163836-fe80-496c-8e21-57681126b011","1","32.2847","19.3145","30.613","327.698","42.4167","5.05475","30.832","339.784","31.981","273.022"
2025-05-03T14:00:03+02:00,"Wind Tre - Roma","29317","31.6541","0.30725","0","6796309","34686906","73862144","318337174","https://www.speedtest.net/result/c/1782d170-9688-46fa-a78f-f0d66acfd2c8","1","32.0549","3.27725","30.928","313.794","34.9183","1.61239","30.754","62.553","31.356","32.036"
2025-05-03T14:30:03+02:00,"Wind Tre - Roma","29317","31.8978","0.288","0","6569781","35255779","78166304","323835082","https://www.speedtest.net/result/c/09514334-6acd-4635-a27e-0a502d504dc1","1","30.112","4.97967","29.351","302.399","49.1986","4.8201","29.358","293.998","31.3","32.374"
2025-05-03T15:00:03+02:00,"Wind Tre - Roma","29317","32.2383","0.614","0","6465878","35340923","68961472","321077241","https://www.speedtest.net/result/c/6b2297c1-8e5f-4b49-b1df-459665fff691","1","31.3853","3.13355","30.329","308.103","54.1465","2.1259","31.699","103.963","31.807","32.7"
2025-05-03T15:30:03+02:00,"Wind Tre - Roma","29317","33.2364","0.29825","0","9134162","35343176","111133664","321037198","https://www.speedtest.net/result/c/eca6035f-9f3c-4fef-8fb4-a397098aca10","1","30.7107","0.502115","29.702","32.805","65.9487","3.57474","31.365","108.836","32.962","33.568"
2025-05-03T16:00:02+02:00,"Wind Tre - Roma","29317","30.3677","0.39025","0","8281221","35234502","62425664","316820856","https://www.speedtest.net/result/c/b123581b-8d1c-4814-a49b-c242647dc0ad","1","30.3754","0.50151","29.47","32.163","52.8005","8.54669","30.959","366.22","29.962","30.701"
2025-05-03T16:30:03+02:00,"Wind Tre - Roma","29317","31.1905","0.3265","0","8734812","35297879","66804704","327191723","https://www.speedtest.net/result/c/03787570-a336-473c-ae64-7e20be3d1810","1","30.3107","0.380422","29.454","31.772","53.3468","1.96289","30.007","104.177","31.01","31.71"
2025-05-03T17:00:03+02:00,"Wind Tre - Roma","29317","33.1822","0.3885","0","8939572","35104294","118366784","311940965","https://www.speedtest.net/result/c/f733667b-24f2-4514-aec1-e12ce13e37f4","1","32.093","2.43807","30.744","309.737","42.439","4.45926","30.761","297.641","32.817","33.521"
2025-05-03T17:30:03+02:00,"Wind Tre - Roma","29317","30.3775","0.229","0","8455975","35102337","108959264","318734367","https://www.speedtest.net/result/c/beab850e-6b2b-434f-9bf5-8e09c8d1a65f","1","31.2778","2.62498","30.026","310.216","44.6464","1.79977","30.834","79.695","30.243","31.159"
2025-05-03T18:00:03+02:00,"Wind Tre - Roma","29317","31.1474","0.84025","0","2479810","34243420","25819867","284784939","https://www.speedtest.net/result/c/53fc1a62-b9c9-48ae-9fd3-d8b0b53f0bbd","1","346.114","61.6876","31.759","2884","33.7299","1.35827","29.777","56.26","29.96","31.571"
2025-05-03T18:30:03+02:00,"Wind Tre - Roma","29317","31.9586","0.38725","0","9158969","34782374","128515904","329734790","https://www.speedtest.net/result/c/9e224819-504c-4c2a-8a84-47c76c4538c8","1","31.5832","4.17148","30.601","309.282","39.3803","7.38017","30.269","318.84","31.723","32.379"
2025-05-03T19:00:03+02:00,"Wind Tre - Roma","29317","31.7829","0.5745","0","10712644","34807745","134507744","305518281","https://www.speedtest.net/result/c/dcefce83-c9a4-412d-991a-f1fbb75bb96e","1","30.7437","5.79671","29.682","308.444","41.4154","2.05142","31.512","95.948","31.076","32.147"
2025-05-03T19:30:03+02:00,"Wind Tre - Roma","29317","32.2187","0.065","0","10106649","35025927","91843072","324653019","https://www.speedtest.net/result/c/a7d796f8-f916-42fa-8e75-20bd2eb97cac","1","30.4284","0.483812","29.323","32.522","40.1046","4.99688","30.813","336.278","32.131","32.306"
2025-05-03T20:00:03+02:00,"Wind Tre - Roma","29317","32.4406","0.56375","0","10228060","35320222","142605952","324343686","https://www.speedtest.net/result/c/240986ee-1a90-4894-994d-2214f8cc056d","1","31.2534","0.525822","30.194","32.805","55.9784","2.89349","30.623","103.895","31.607","32.845"
2025-05-03T20:30:03+02:00,"Wind Tre - Roma","29317","31.1123","0.316","0","9644887","35316134","86876864","324394040","https://www.speedtest.net/result/c/de135972-81e8-4dd3-8e01-727125774312","1","30.6488","3.43677","29.706","308.084","51.7316","2.80341","30.442","106.886","30.634","31.325"
2025-05-04T09:30:03+02:00,"Wind Tre - Roma","29317","32.282","0.15725","0","14783260","35333184","196025984","326932511","https://www.speedtest.net/result/c/8135e206-5097-4fc7-a7f4-e2fa18f204c3","1","31.0651","0.751634","30.032","48.501","62.0994","4.47431","31.94","108.823","32.1","32.35"
2025-05-04T10:00:03+02:00,"Wind Tre - Roma","29317","32.3391","0.30825","0","17886250","34975683","245232224","311144388","https://www.speedtest.net/result/c/eec8dfa2-f905-4831-a182-f95c3855fd91","1","30.4809","0.508268","29.517","32.609","43.8536","2.09682","31.707","77.86","31.919","32.474"
2025-05-04T10:30:03+02:00,"Wind Tre - Roma","29317","30.32","0.2355","0","10738072","35331737","116653184","324209499","https://www.speedtest.net/result/c/3a582f66-6c43-434a-af72-cf6345717a86","1","30.7005","3.01663","29.893","308.138","68.3687","2.71596","30.74","107.045","30.095","30.437"
2025-05-04T11:00:03+02:00,"Wind Tre - Roma","29317","32.1718","0.382","0","12567590","35085459","169981792","330084728","https://www.speedtest.net/result/c/219d9268-e3f4-42e0-b1bf-9e55ca7623ef","1","31.499","0.595849","30.411","33.823","43.4023","1.59465","30.709","59.286","32.026","32.767"
2025-05-04T11:30:03+02:00,"Wind Tre - Roma","29317","31.3699","0.5685","0","8255632","35294912","113503904","324183579","https://www.speedtest.net/result/c/c5ca8f79-8988-4b9c-a46e-f6a82d013c1c","1","31.8275","0.554315","30.665","33.674","46.7529","1.38654","30.881","59.197","31.007","32.12"
2025-05-04T12:00:03+02:00,"Wind Tre - Roma","29317","31.275","0.15625","0","9343462","35319934","92440365","485790035","https://www.speedtest.net/result/c/96adf520-8034-4ee2-9c9f-efea923ab491","1","31.0558","7.84028","30.257","1039.74","45.8473","21.8176","29.762","2055.22","31.151","31.34"
2025-05-04T12:30:03+02:00,"Wind Tre - Roma","29317","31.3121","0.47275","0","8899745","34954650","105052544","324435560","https://www.speedtest.net/result/c/33823e60-35e1-40c4-a9ea-52b7544687e4","1","31.9191","3.01341","30.768","313.669","48.3409","10.8903","31.569","570.163","30.935","31.559"
2025-05-04T13:00:03+02:00,"Wind Tre - Roma","29317","31.7899","0.551","0","10489856","34657340","50230304","322059569","https://www.speedtest.net/result/c/970e5866-aa67-4e8f-8991-bd1cabc99e5c","1","31.5575","0.601871","30.597","34.846","38.6017","2.08572","30.659","105.719","30.89","32.162"
2025-05-04T13:30:03+02:00,"Wind Tre - Roma","29317","32.7903","0.45475","0","11471316","34595451","136561184","326843242","https://www.speedtest.net/result/c/09d4d3b9-78de-4097-8ccb-253190fc6fb6","1","31.9188","0.504752","31.028","33.316","35.9785","4.71042","31.965","317.979","32.041","33.493"
2025-05-04T14:00:03+02:00,"Wind Tre - Roma","29317","32.4246","0.184","0","10488246","34608679","88240544","405023131","https://www.speedtest.net/result/c/33717a38-a759-40a7-8fef-5d55ab68e8b6","1","31.869","0.54184","30.764","33.868","34.1277","0.993633","29.816","58.332","32.234","32.628"
2025-05-04T14:30:03+02:00,"Wind Tre - Roma","29317","32.251","0.33175","0","10344672","34691148","148410944","270985390","https://www.speedtest.net/result/c/2f850b2d-d21e-4899-88d9-759c10460279","1","32.0183","2.39727","30.948","312.516","43.0627","5.34048","31.497","335.187","31.672","32.503"
2025-05-04T15:00:03+02:00,"Wind Tre - Roma","29317","32.3721","0.32275","0","8962014","35345121","122774624","324387091","https://www.speedtest.net/result/c/5b9fa4a3-704b-4e17-a871-dd727e41e510","1","32.2603","0.635121","30.947","34.646","59.7693","3.52797","30.807","106.796","31.988","32.77"
2025-05-04T15:30:03+02:00,"Wind Tre - Roma","29317","32.2844","0.35","0","8268515","35287915","41169824","327435376","https://www.speedtest.net/result/c/e8e9cba8-ccc7-4828-aacc-c525c60c8289","1","32.3887","0.448381","31.595","35.376","51.5008","2.19247","30.476","106.032","32.112","32.922"
2025-05-04T16:00:03+02:00,"Wind Tre - Roma","29317","31.7523","0.3165","0","8668339","35297899","69551520","336283898","https://www.speedtest.net/result/c/d0baeda6-7ae8-4586-abe4-bebc8489bcc8","1","32.0275","0.499472","31.069","33.541","71.0297","7.14953","31.564","357.004","31.478","32.247"
2025-05-04T16:30:03+02:00,"Wind Tre - Roma","29317","31.3447","0.3035","0","8408207","35286669","61146944","327268065","https://www.speedtest.net/result/c/57979283-e502-4587-b75a-753fa9bedaa3","1","32.2144","0.525","31.28","34.45","50.6565","5.09847","31.182","345.705","31.038","31.521"
2025-05-04T17:00:03+02:00,"Wind Tre - Roma","29317","32.2192","0.16025","0","5718242","35325629","61050464","319867935","https://www.speedtest.net/result/c/5d129dfa-4a3b-4cdf-a2a3-11f3ced737e4","1","32.354","3.05961","31.164","309.134","46.9032","4.65493","31.043","303.994","32.074","32.391"
2025-05-04T17:30:03+02:00,"Wind Tre - Roma","29317","32.1646","0.128","0","8436078","34974872","122130944","317853313","https://www.speedtest.net/result/c/84e4ef8b-c4a0-4a91-a052-d8ea4be80c3a","1","31.4124","2.38402","30.372","312.589","44.5844","4.87092","31.054","319.502","32.115","32.463"
2025-05-04T18:00:03+02:00,"Wind Tre - Roma","29317","32.4008","0.19025","0","8998661","17752780","91057184","163282376","https://www.speedtest.net/result/c/cedee8d6-1abb-4464-8ca7-ad559ff91fe3","1","31.5361","0.452972","30.396","32.564","31.4829","1.07819","30.587","50.263","32.127","32.5"
2025-05-04T18:30:03+02:00,"Wind Tre - Roma","29317","31.3423","0.59925","0","9745845","35310594","103240672","330414458","https://www.speedtest.net/result/c/c2821fb5-9172-4954-9c09-8939aaf0caad","1","31.6957","5.22397","30.513","302.563","55.0691","5.29705","29.929","301.971","31.146","32.288"
2025-05-04T19:00:03+02:00,"Wind Tre - Roma","29317","31.653","0.4705","0","9083620","5649348","36960704","95686821","https://www.speedtest.net/result/c/6f32c432-b3c9-4894-9e7d-036a9cf57b8e","1","31.6529","0.52116","30.57","33.26","30.7918","0.657255","29.767","45.69","31.303","32.389"
2025-05-04T19:30:03+02:00,"Wind Tre - Roma","29317","32.6905","0.43175","0","3074418","35312203","41790464","324015105","https://www.speedtest.net/result/c/a6a2011b-dc78-4d05-b8f1-b137d40c7378","1","31.8078","11.2139","30.714","313.451","77.7047","24.9293","30.73","402.689","32.341","32.966"
2025-05-04T20:00:03+02:00,"Wind Tre - Roma","29317","31.5204","0.33825","0","7540115","33805874","54903104","249995701","https://www.speedtest.net/result/c/72555f66-e2ed-4d32-a368-0059bff20ffa","1","32.4838","0.424971","31.397","33.604","34.761","1.71995","30.019","64.74","31.171","31.744"
2025-05-05T09:30:04+02:00,"Wind Tre - Roma","29317","30.8562","0.479","0","13503686","35099301","173425404","326212890","https://www.speedtest.net/result/c/6977f27b-f247-4a0b-a268-94af6c133191","1","32.627","2.42544","31.605","308.195","47.2798","1.35174","31.554","55.912","30.203","31.488"
2025-05-05T10:00:02+02:00,"Wind Tre - Roma","29317","31.7067","0.78575","0","14323688","34728354","173994904","319027824","https://www.speedtest.net/result/c/df31df5d-7119-4a6e-a04a-77ea86b65103","1","32.2621","0.522691","31.122","35.122","38.3262","1.68582","30.879","57.841","30.377","32.12"
2025-05-05T10:30:02+02:00,"Wind Tre - Roma","29317","31.2888","0.535","0","12481412","34754509","106729584","318187654","https://www.speedtest.net/result/c/7eb48e7c-9587-4c8f-a4b9-e4fd3c4a6872","1","32.025","0.588391","30.838","34.353","34.6732","1.47687","31.001","54.942","31.212","32.163"
2025-05-05T11:00:02+02:00,"Wind Tre - Roma","29317","32.1447","0.21725","0","18029404","34986838","235132404","313677191","https://www.speedtest.net/result/c/5d85ce27-8a02-4a0c-a943-bd57840d7109","1","31.283","2.33982","30.202","305.984","43.2077","4.22809","31.161","302.3","31.891","32.337"
2025-05-05T11:30:02+02:00,"Wind Tre - Roma","29317","38.1682","0.40775","0","12305295","33866510","169509924","282147001","https://www.speedtest.net/result/c/6c85928b-88fb-4ab1-997e-7528d2ad8e90","1","37.6527","0.50051","36.558","38.853","43.848","2.38764","38.12","95.306","37.635","38.8"
2025-05-05T12:00:02+02:00,"Wind Tre - Roma","29317","37.9954","0.456","0","2284035","35125022","25569804","336928299","https://www.speedtest.net/result/c/0157e1d5-49b1-4876-8968-f78126fe1779","1","570.139","71.0275","38.316","1804.01","69.9009","6.51869","38.626","113.51","37.638","38.366"
2025-05-05T12:30:02+02:00,"Wind Tre - Roma","29317","37.8316","0.63725","0","7427486","30597836","40593884","224036397","https://www.speedtest.net/result/c/817c70f1-bd02-4ecd-95d5-a2fe2367c01c","1","39.6273","0.58285","38.892","41.675","39.0784","5.99398","36.832","367.283","37.276","38.445"
2025-05-05T13:00:02+02:00,"Wind Tre - Roma","29317","38.7761","0.325","0","11081064","34642780","139323744","324113105","https://www.speedtest.net/result/c/77b60008-2ad8-4535-a7cb-cd0c3e62f9cc","1","38.8652","0.485779","37.904","40.585","41.9996","3.77876","38.064","113.061","38.411","39.351"
2025-05-05T13:30:02+02:00,"Wind Tre - Roma","29317","39.0095","0.40475","0","17651305","29550862","204919424","434635889","https://www.speedtest.net/result/c/fa0bc4ba-ba11-4d31-9953-d8bf56ead2a1","1","36.619","0.557146","35.642","40.383","39.1978","1.58857","37.781","112.194","38.541","39.296"
2025-05-05T14:00:02+02:00,"Wind Tre - Roma","29317","40.1772","0.4635","0","9066644","34862479","108881624","322474271","https://www.speedtest.net/result/c/7cf1878b-339e-43a3-9279-2eaada4869e1","1","37.8595","0.526084","36.859","39.679","55.4638","3.88638","38.491","113.039","39.562","40.463"
2025-05-05T14:30:02+02:00,"Wind Tre - Roma","29317","38.8689","0.30425","0","6715117","34379555","79074664","398688275","https://www.speedtest.net/result/c/2902647d-18a6-4e59-8c1f-51a73b0e991b","1","40.1388","0.580123","39.018","43.073","41.647","6.36776","38.246","361.594","38.149","39.277"
2025-05-05T15:00:02+02:00,"Wind Tre - Roma","29317","39.2838","0.3895","0","6291729","25516611","82723484","330187326","https://www.speedtest.net/result/c/069768d2-1b12-4835-a01b-d786229263ae","1","38.8219","0.527602","37.756","41.877","38.1149","3.54222","36.887","319.875","39.063","39.609"
2025-05-05T15:30:02+02:00,"Wind Tre - Roma","29317","40.2796","0.22475","0","7507561","35103149","69198864","327476508","https://www.speedtest.net/result/c/d20f0b46-b73e-41cc-bed9-253b42db15d2","1","36.9047","0.480672","35.978","38.35","69.1312","6.19079","38.825","113.716","40.143","40.6"
2025-05-05T16:00:02+02:00,"Wind Tre - Roma","29317","38.0796","0.38675","0","5299946","34659257","24634484","324561407","https://www.speedtest.net/result/c/069a482c-9e7b-421a-983c-c325955371ac","1","38.6683","0.488407","38.031","39.897","54.4666","8.56246","38.278","345.788","37.835","38.637"
2025-05-05T16:30:02+02:00,"Wind Tre - Roma","29317","40.4415","0.9205","0","2126864","33914012","33112664","466586238","https://www.speedtest.net/result/c/78e63223-7ad2-4e72-b41d-1d29faf45c83","1","37.334","9.55196","36.124","321.139","41.4975","9.35656","37.858","328.837","39.682","41.348"
2025-05-05T17:00:02+02:00,"Wind Tre - Roma","29317","37.1633","0.2805","0","5824453","33320692","69186804","270208194","https://www.speedtest.net/result/c/5c065f6d-f4fd-4d95-8654-d6868d1be0cb","1","38.7362","0.54543","37.771","40.933","41.3804","8.55779","37.848","346.147","36.859","37.549"
2025-05-05T17:30:02+02:00,"Wind Tre - Roma","29317","39.2024","0.53075","0","10536315","33573423","95750964","270770990","https://www.speedtest.net/result/c/1ac7dca6-7578-489f-9f25-de294f90bb4d","1","38.8437","0.545851","37.855","41.368","43.4178","12.9567","37.603","344.128","38.454","39.629"
2025-05-05T18:00:02+02:00,"Wind Tre - Roma","29317","35.1522","0.47825","0","5640118","24449969","55163175","347368170","https://www.speedtest.net/result/c/e5805db8-cccb-4f55-8970-6f2fc60f5b8e","1","37.7852","18.6292","36.518","548.954","282.111","80.9078","82.391","1091.68","34.507","35.767"
2025-05-05T18:30:02+02:00,"Wind Tre - Roma","29317","35.7745","0.423","0","9631713","34478525","108828024","333116557","https://www.speedtest.net/result/c/eb79ff9a-397f-4938-b5bb-227a2ad272cb","1","35.1146","0.500849","34.238","36.654","41.52","5.19261","34.556","328.532","35.052","36.211"
2025-05-05T19:00:02+02:00,"Wind Tre - Roma","29317","35.278","0.405","0","7918169","32052136","97762304","239283541","https://www.speedtest.net/result/c/2f476ea3-f70f-4998-9e36-f9ac40ca4f57","1","34.3862","0.473708","33.574","35.56","51.7454","27.3006","35.13","541.972","34.963","35.895"
2025-05-05T19:30:02+02:00,"Wind Tre - Roma","29317","36.3599","0.34025","0","8036819","34336013","113587704","347635395","https://www.speedtest.net/result/c/6dac1c19-3027-42d5-8cf3-557e7e31c8aa","1","34.4723","5.75479","33.643","317.376","39.1667","2.39324","35.436","114.097","36.017","36.639"
2025-05-06T09:30:02+02:00,"Wind Tre - Roma","29317","28.3508","0.35175","0","10835262","34715508","94547644","315945828","https://www.speedtest.net/result/c/01379864-1df5-4b23-9bc8-9bdbbafa6a7a","1","29.2436","0.52114","28.449","31.567","36.6311","4.35937","29.693","311.838","28.008","28.638"
2025-05-06T10:00:03+02:00,"Wind Tre - Roma","29317","28.2422","0.1325","0","10832238","34933851","110216264","318056292","https://www.speedtest.net/result/c/a3d5d20a-1ea4-4518-876d-35f550aedf60","1","29.9723","5.67793","28.966","298.329","40.2529","1.4721","28.402","51.759","28.184","28.449"
2025-05-06T10:30:03+02:00,"Wind Tre - Roma","29317","27.7163","0.78625","0","9904071","34837128","99359660","312739202","https://www.speedtest.net/result/c/32253600-d2b7-45f6-8b4f-5adc58321e8d","1","27.8178","0.443034","27.072","29.017","36.3768","1.64969","28.487","52.559","27.29","28.244"
2025-05-06T11:00:01+02:00,"Wind Tre - Roma","29317","29.4144","0.44275","0","12766296","35132169","170778904","315668435","https://www.speedtest.net/result/c/d74fb07b-e229-462c-b68e-6337ae209a1b","1","28.617","3.9962","27.647","296.948","46.0046","1.58652","28.751","53.015","29.085","30.014"
2025-05-06T11:30:01+02:00,"Wind Tre - Roma","29317","29.3038","0.10275","0","8121398","35169502","101637584","316120022","https://www.speedtest.net/result/c/9a124a0a-70a7-4ef1-bd85-519089d139f6","1","27.7927","0.47167","26.852","31.261","48.8541","1.19134","29.544","55.155","29.186","29.345"
2025-05-06T12:00:01+02:00,"Wind Tre - Roma","29317","28.4744","0.29725","0","9218054","34981725","79694026","321607313","https://www.speedtest.net/result/c/2ccff044-dfb8-4d35-8d8b-ca6cebe1ab9c","1","92.5959","38.1577","28.807","2610.96","37.0456","2.51923","27.368","257.215","28.285","29.09"
